{"cameraMode":{"drawMode":0,"name":"Shaded","section":"Shading Mode"},"sceneLighting":false,"audioPlay":false,"sceneViewState":{"m_AlwaysRefresh":false,"showFog":true,"showSkybox":false,"showFlares":true,"showImageEffects":true,"showParticleSystems":true,"showVisualEffectGraphs":true,"m_FxEnabled":true},"in2DMode":false,"pivot":{"x":162.33558654785157,"y":-250.42181396484376,"z":-703.9553833007813},"rotation":{"x":0.0033319336362183096,"y":0.9949461817741394,"z":-0.09401153773069382,"w":0.035237524658441547},"size":661.1241455078125,"orthographic":false}